Date ,Day,Month,Year,Quarter,series ,OPEN ,HIGH ,LOW ,PREV. CLOSE ,ltp ,close ,vwap ,52W H ,52W L ,VOLUME ,No of trades 
20-Nov-25,Thursday,November,2025,Q4,EQ,1014.00,1014.00,989.00,1006.25,996.95,993.60,1000.69,1050.00,588.00,852319.00,23878.00
19-Nov-25,Wednesday,November,2025,Q4,EQ,1032.00,1044.00,1002.20,1026.65,1004.00,1006.25,1016.33,1050.00,588.00,1574241.00,38706.00
18-Nov-25,Tuesday,November,2025,Q4,EQ,1023.80,1036.00,1017.75,1021.55,1024.25,1026.65,1029.17,1050.00,588.00,1175321.00,28449.00
17-Nov-25,Monday,November,2025,Q4,EQ,1025.50,1029.00,1011.85,1023.85,1023.10,1021.55,1020.35,1050.00,588.00,837345.00,24917.00
14-Nov-25,Friday,November,2025,Q4,EQ,1027.00,1050.00,1017.00,1021.40,1025.50,1023.85,1031.98,1050.00,588.00,2190871.00,82137.00
13-Nov-25,Thursday,November,2025,Q4,EQ,1003.20,1035.75,998.35,1001.90,1022.95,1021.40,1024.54,1035.75,588.00,2163072.00,54210.00
12-Nov-25,Wednesday,November,2025,Q4,EQ,989.35,1021.60,986.00,989.30,1001.00,1001.90,1005.80,1021.60,588.00,1704880.00,43069.00
11-Nov-25,Tuesday,November,2025,Q4,EQ,960.15,994.45,947.30,959.15,989.85,989.30,979.45,1011.00,588.00,1703879.00,37960.00
10-Nov-25,Monday,November,2025,Q4,EQ,965.55,972.50,955.10,960.60,959.00,959.15,965.17,1011.00,588.00,674839.00,22225.00
07-Nov-25,Friday,November,2025,Q4,EQ,966.85,973.70,945.20,968.15,966.35,960.60,960.26,1090.95,588.00,1384632.00,34712.00
06-Nov-25,Thursday,November,2025,Q4,EQ,985.90,994.60,962.80,985.90,969.80,968.15,974.41,1090.95,588.00,1064046.00,31974.00
04-Nov-25,Tuesday,November,2025,Q4,EQ,999.05,1011.00,976.65,994.55,983.00,985.90,995.06,1090.95,588.00,1710963.00,44863.00
03-Nov-25,Monday,November,2025,Q4,EQ,987.00,1005.90,975.50,986.20,994.30,994.55,996.98,1090.95,588.00,1679026.00,45895.00
31-Oct-25,Friday,October,2025,Q4,EQ,970.80,1004.00,960.10,965.65,980.00,986.20,984.78,1090.95,588.00,2484075.00,52300.00
30-Oct-25,Thursday,October,2025,Q4,EQ,971.90,972.60,950.10,967.55,967.50,965.65,960.22,1090.95,588.00,970141.00,25238.00
29-Oct-25,Wednesday,October,2025,Q4,EQ,928.05,983.50,917.95,921.20,967.10,967.55,967.48,1090.95,588.00,6202463.00,108745.00
28-Oct-25,Tuesday,October,2025,Q4,EQ,941.00,943.60,918.30,946.35,923.00,921.20,927.55,1090.95,588.00,1635066.00,38804.00
27-Oct-25,Monday,October,2025,Q4,EQ,945.20,951.80,942.00,944.25,945.05,946.35,945.64,1090.95,588.00,562332.00,15743.00
24-Oct-25,Friday,October,2025,Q4,EQ,956.00,956.00,937.55,952.40,944.20,944.25,944.73,1090.95,588.00,1131330.00,22960.00
23-Oct-25,Thursday,October,2025,Q4,EQ,938.00,956.00,934.85,936.45,952.80,952.40,946.48,1090.95,588.00,2360876.00,39033.00
21-Oct-25,Tuesday,October,2025,Q4,EQ,944.95,945.00,930.30,937.05,934.00,936.45,937.10,1090.95,588.00,149680.00,5043.00
20-Oct-25,Monday,October,2025,Q4,EQ,929.75,940.00,927.00,929.70,937.00,937.05,934.84,1090.95,588.00,660903.00,18910.00
17-Oct-25,Friday,October,2025,Q4,EQ,940.05,950.00,926.10,947.95,928.90,929.70,935.04,1090.95,588.00,5349446.00,64790.00
16-Oct-25,Thursday,October,2025,Q4,EQ,947.45,959.00,945.00,944.20,945.00,947.95,950.68,1090.95,588.00,1243155.00,45640.00
15-Oct-25,Wednesday,October,2025,Q4,EQ,930.75,949.00,920.50,933.75,948.00,944.20,934.69,1090.95,588.00,1555720.00,78039.00
14-Oct-25,Tuesday,October,2025,Q4,EQ,937.65,942.00,919.30,937.65,930.75,933.75,930.57,1090.95,588.00,1252636.00,32523.00
13-Oct-25,Monday,October,2025,Q4,EQ,925.85,942.80,920.85,925.85,936.30,937.65,933.83,1090.95,588.00,1291551.00,31721.00
10-Oct-25,Friday,October,2025,Q4,EQ,931.85,932.95,915.00,931.95,928.25,925.85,923.67,1090.95,588.00,974648.00,21843.00
09-Oct-25,Thursday,October,2025,Q4,EQ,918.00,938.80,913.70,914.00,931.80,931.95,932.93,1090.95,588.00,2119876.00,46595.00
08-Oct-25,Wednesday,October,2025,Q4,EQ,923.45,926.90,908.15,919.00,913.30,914.00,916.81,1090.95,588.00,662712.00,17789.00
07-Oct-25,Tuesday,October,2025,Q4,EQ,927.00,945.05,917.00,926.65,918.15,919.00,931.75,1090.95,588.00,1341521.00,34446.00
06-Oct-25,Monday,October,2025,Q4,EQ,918.00,928.70,913.20,916.35,927.75,926.65,923.22,1090.95,588.00,1046097.00,31868.00
03-Oct-25,Friday,October,2025,Q4,EQ,898.50,920.00,892.30,896.35,915.50,916.35,909.30,1090.95,588.00,1376240.00,35418.00
01-Oct-25,Wednesday,October,2025,Q4,EQ,876.40,900.00,870.10,872.25,896.30,896.35,886.98,1090.95,588.00,1049954.00,35386.00
30-Sep-25,Tuesday,September,2025,Q3,EQ,872.95,876.50,860.40,871.75,870.50,872.25,868.65,1090.95,588.00,795182.00,21659.00
29-Sep-25,Monday,September,2025,Q3,EQ,880.05,887.30,869.50,879.20,872.50,871.75,876.78,1090.95,588.00,1053287.00,30672.00
26-Sep-25,Friday,September,2025,Q3,EQ,898.00,899.65,875.00,894.20,879.00,879.20,885.91,1090.95,588.00,1824641.00,34563.00
25-Sep-25,Thursday,September,2025,Q3,EQ,889.00,907.00,881.10,889.00,896.60,894.20,898.13,1090.95,588.00,2438224.00,42605.00
24-Sep-25,Wednesday,September,2025,Q3,EQ,920.90,924.80,887.05,925.10,891.00,889.00,901.80,1090.95,588.00,2938215.00,53567.00
23-Sep-25,Tuesday,September,2025,Q3,EQ,941.50,949.20,915.05,937.40,926.00,925.10,930.17,1090.95,588.00,4308383.00,80897.00
22-Sep-25,Monday,September,2025,Q3,EQ,881.45,957.90,873.45,877.15,934.30,937.40,932.14,1090.95,588.00,17999962.00,262276.00
19-Sep-25,Friday,September,2025,Q3,EQ,865.00,899.00,855.20,837.60,878.95,877.15,877.35,1090.95,588.00,8119554.00,134879.00
18-Sep-25,Thursday,September,2025,Q3,EQ,827.05,845.80,824.30,826.45,838.00,837.60,837.30,1090.95,588.00,971044.00,23057.00
17-Sep-25,Wednesday,September,2025,Q3,EQ,840.00,840.05,825.25,836.55,827.00,826.45,830.67,1090.95,588.00,489102.00,15555.00
16-Sep-25,Tuesday,September,2025,Q3,EQ,840.85,846.00,831.60,837.15,837.00,836.55,838.37,1090.95,588.00,718132.00,16794.00
15-Sep-25,Monday,September,2025,Q3,EQ,834.00,843.40,830.05,829.90,837.50,837.15,839.05,1090.95,588.00,1406308.00,22314.00
12-Sep-25,Friday,September,2025,Q3,EQ,817.35,831.30,812.60,813.70,828.80,829.90,824.76,1090.95,588.00,1214068.00,38052.00
11-Sep-25,Thursday,September,2025,Q3,EQ,814.00,838.50,811.60,811.75,814.00,813.70,821.68,1090.95,588.00,1366037.00,45549.00
10-Sep-25,Wednesday,September,2025,Q3,EQ,794.15,816.55,792.05,794.15,810.50,811.75,807.93,1090.95,588.00,1040743.00,35115.00
09-Sep-25,Tuesday,September,2025,Q3,EQ,780.10,795.80,773.55,776.25,795.00,794.15,787.74,1090.95,588.00,1363001.00,28320.00
08-Sep-25,Monday,September,2025,Q3,EQ,760.00,777.95,757.65,755.95,776.50,776.25,771.81,1090.95,588.00,769043.00,26478.00
05-Sep-25,Friday,September,2025,Q3,EQ,759.00,761.45,744.90,758.35,757.50,755.95,752.18,1090.95,588.00,880798.00,31204.00
04-Sep-25,Thursday,September,2025,Q3,EQ,771.00,775.25,757.00,763.70,757.55,758.35,764.14,1090.95,588.00,514778.00,18150.00
03-Sep-25,Wednesday,September,2025,Q3,EQ,768.90,768.90,760.10,763.05,765.25,763.70,763.62,1090.95,588.00,565805.00,20243.00
02-Sep-25,Tuesday,September,2025,Q3,EQ,772.90,772.95,761.20,766.65,762.90,763.05,767.27,1090.95,588.00,567133.00,23215.00
01-Sep-25,Monday,September,2025,Q3,EQ,770.15,777.60,763.30,764.15,765.00,766.65,767.54,1090.95,588.00,891853.00,25441.00
29-Aug-25,Friday,August,2025,Q3,EQ,775.40,776.40,759.25,770.95,764.00,764.15,766.25,1090.95,588.00,1341814.00,46077.00
28-Aug-25,Thursday,August,2025,Q3,EQ,786.00,793.00,767.30,788.65,770.20,770.95,777.42,1090.95,588.00,891046.00,32739.00
26-Aug-25,Tuesday,August,2025,Q3,EQ,801.10,803.45,787.75,805.75,789.30,788.65,792.36,1090.95,588.00,501821.00,18386.00
25-Aug-25,Monday,August,2025,Q3,EQ,805.00,807.85,795.05,800.15,805.00,805.75,802.53,1090.95,588.00,718727.00,21355.00
22-Aug-25,Friday,August,2025,Q3,EQ,815.15,816.00,795.20,815.15,799.00,800.15,804.81,1115.50,588.00,537046.00,19716.00
21-Aug-25,Thursday,August,2025,Q3,EQ,825.00,829.20,812.00,824.20,813.40,815.15,819.64,1115.50,588.00,558969.00,15269.00
20-Aug-25,Wednesday,August,2025,Q3,EQ,828.20,831.65,822.20,828.20,824.70,824.20,825.96,1115.50,588.00,381123.00,12990.00
19-Aug-25,Tuesday,August,2025,Q3,EQ,818.75,831.90,813.05,818.75,826.35,828.20,824.08,1115.50,588.00,967227.00,25430.00
18-Aug-25,Monday,August,2025,Q3,EQ,787.00,821.65,783.00,775.80,818.00,818.75,809.50,1115.50,588.00,1776385.00,45707.00
14-Aug-25,Thursday,August,2025,Q3,EQ,788.15,791.90,774.45,786.30,776.10,775.80,785.33,1138.00,588.00,6581262.00,21883.00
13-Aug-25,Wednesday,August,2025,Q3,EQ,793.00,795.65,782.00,786.75,785.80,786.30,789.43,1138.00,588.00,536807.00,23488.00
12-Aug-25,Tuesday,August,2025,Q3,EQ,793.00,801.15,784.30,792.00,788.00,786.75,793.35,1138.00,588.00,658384.00,21732.00
11-Aug-25,Monday,August,2025,Q3,EQ,788.00,799.95,785.80,790.15,793.40,792.00,792.17,1138.00,588.00,950117.00,26428.00
08-Aug-25,Friday,August,2025,Q3,EQ,794.65,806.35,786.40,794.60,790.00,790.15,790.26,1231.95,588.00,7822530.00,33663.00
07-Aug-25,Thursday,August,2025,Q3,EQ,788.00,796.20,769.05,791.10,795.50,794.60,784.72,1231.95,588.00,2218077.00,50410.00
06-Aug-25,Wednesday,August,2025,Q3,EQ,802.10,802.15,779.05,802.05,794.95,791.10,790.24,1231.95,588.00,15323608.00,40140.00
05-Aug-25,Tuesday,August,2025,Q3,EQ,803.20,804.70,782.10,799.55,802.95,802.05,794.84,1231.95,588.00,1100031.00,30230.00
04-Aug-25,Monday,August,2025,Q3,EQ,796.95,803.20,793.05,793.05,802.60,799.55,798.33,1231.95,588.00,909667.00,27455.00
01-Aug-25,Friday,August,2025,Q3,EQ,810.10,817.60,791.10,808.40,792.20,793.05,802.97,1348.00,588.00,945768.00,33821.00
31-Jul-25,Thursday,July,2025,Q3,EQ,812.05,821.45,806.55,823.90,808.90,808.40,811.89,1348.00,588.00,1026102.00,29727.00
30-Jul-25,Wednesday,July,2025,Q3,EQ,834.00,834.00,821.65,826.95,824.10,823.90,827.95,1348.00,588.00,438934.00,15978.00
29-Jul-25,Tuesday,July,2025,Q3,EQ,819.00,830.55,800.35,815.95,828.30,826.95,814.47,1348.00,588.00,1171033.00,37995.00
28-Jul-25,Monday,July,2025,Q3,EQ,819.70,827.80,813.00,817.15,818.00,815.95,820.57,1348.00,588.00,831296.00,37004.00
25-Jul-25,Friday,July,2025,Q3,EQ,853.35,856.70,812.15,849.05,813.80,817.15,830.36,1348.00,588.00,1813942.00,59071.00
24-Jul-25,Thursday,July,2025,Q3,EQ,868.00,868.00,844.05,863.10,848.20,849.05,851.00,1348.00,588.00,2179235.00,48986.00
23-Jul-25,Wednesday,July,2025,Q3,EQ,871.70,874.10,861.50,867.20,862.50,863.10,866.09,1348.00,588.00,724832.00,19685.00
22-Jul-25,Tuesday,July,2025,Q3,EQ,876.00,879.80,864.20,871.65,868.45,867.20,870.25,1348.00,588.00,650289.00,15681.00
21-Jul-25,Monday,July,2025,Q3,EQ,870.95,881.00,862.10,869.35,872.90,871.65,873.61,1348.00,588.00,833172.00,19525.00
18-Jul-25,Friday,July,2025,Q3,EQ,876.90,882.95,867.00,873.35,867.85,869.35,873.02,1348.00,588.00,1444579.00,27939.00
17-Jul-25,Thursday,July,2025,Q3,EQ,879.95,884.00,872.00,876.60,873.90,873.35,877.31,1348.00,588.00,614709.00,17286.00
16-Jul-25,Wednesday,July,2025,Q3,EQ,880.50,886.85,875.05,879.75,876.90,876.60,879.74,1348.00,588.00,593638.00,15566.00
15-Jul-25,Tuesday,July,2025,Q3,EQ,881.00,887.80,873.30,880.50,879.90,879.75,878.80,1348.00,588.00,767520.00,20129.00
14-Jul-25,Monday,July,2025,Q3,EQ,876.80,886.55,867.30,874.05,878.85,880.50,878.18,1348.00,588.00,857740.00,23491.00
11-Jul-25,Friday,July,2025,Q3,EQ,894.00,895.55,869.10,891.05,870.70,874.05,880.40,1348.00,588.00,989521.00,23206.00
10-Jul-25,Thursday,July,2025,Q3,EQ,893.90,907.70,887.00,890.15,890.00,891.05,895.94,1348.00,588.00,1367248.00,33294.00
09-Jul-25,Wednesday,July,2025,Q3,EQ,886.70,904.50,885.55,881.25,891.85,890.15,892.56,1348.00,588.00,3094384.00,50275.00
08-Jul-25,Tuesday,July,2025,Q3,EQ,886.00,892.50,876.00,883.35,880.90,881.25,881.67,1348.00,588.00,2733928.00,45180.00
07-Jul-25,Monday,July,2025,Q3,EQ,876.00,887.55,871.05,877.20,882.45,883.35,880.53,1348.00,588.00,3740997.00,55093.00
04-Jul-25,Friday,July,2025,Q3,EQ,875.80,884.00,867.15,875.25,876.05,877.20,874.70,1348.00,588.00,4081958.00,59813.00
03-Jul-25,Thursday,July,2025,Q3,EQ,878.85,882.15,867.55,878.80,876.00,875.25,872.55,1348.00,588.00,3905266.00,48591.00
02-Jul-25,Wednesday,July,2025,Q3,EQ,876.00,888.85,869.40,872.40,877.85,878.80,877.86,1348.00,588.00,2946152.00,54919.00
01-Jul-25,Tuesday,July,2025,Q3,EQ,884.00,892.30,871.00,881.75,872.60,872.40,876.20,1348.00,588.00,1874380.00,39090.00
30-Jun-25,Monday,June,2025,Q2,EQ,886.00,887.45,874.70,883.70,882.00,881.75,880.26,1348.00,588.00,1673237.00,45219.00
27-Jun-25,Friday,June,2025,Q2,EQ,865.00,900.85,863.00,864.75,883.00,883.70,888.93,1348.00,588.00,3118143.00,76086.00
26-Jun-25,Thursday,June,2025,Q2,EQ,854.25,866.50,851.00,850.20,863.00,864.75,858.15,1348.00,588.00,2717149.00,49949.00
25-Jun-25,Wednesday,June,2025,Q2,EQ,856.35,863.70,847.05,851.85,852.00,850.20,851.30,1348.00,588.00,2316935.00,42832.00
24-Jun-25,Tuesday,June,2025,Q2,EQ,852.00,866.60,848.00,837.20,851.00,851.85,856.58,1348.00,588.00,1922183.00,45575.00
23-Jun-25,Monday,June,2025,Q2,EQ,817.95,842.55,817.80,828.10,836.70,837.20,835.01,1348.00,588.00,1079104.00,28146.00
20-Jun-25,Friday,June,2025,Q2,EQ,826.00,840.90,823.35,823.60,834.40,828.10,828.83,1348.00,588.00,6345674.00,75053.00
19-Jun-25,Thursday,June,2025,Q2,EQ,845.00,849.05,818.00,846.45,822.00,823.60,829.98,1348.00,588.00,1666745.00,38747.00
18-Jun-25,Wednesday,June,2025,Q2,EQ,848.95,858.55,834.60,848.85,842.45,846.45,844.49,1348.00,588.00,1943400.00,30436.00
17-Jun-25,Tuesday,June,2025,Q2,EQ,866.00,867.35,846.05,865.70,848.95,848.85,853.45,1348.00,588.00,1247192.00,30485.00
16-Jun-25,Monday,June,2025,Q2,EQ,861.00,871.00,849.45,861.00,864.95,865.70,863.18,1348.00,588.00,2424281.00,41334.00
13-Jun-25,Friday,June,2025,Q2,EQ,860.00,871.75,851.70,876.95,862.75,861.00,861.70,1348.00,588.00,4262332.00,68241.00
12-Jun-25,Thursday,June,2025,Q2,EQ,908.40,909.95,868.05,904.50,870.55,876.95,894.20,1348.00,588.00,3852260.00,63755.00
11-Jun-25,Wednesday,June,2025,Q2,EQ,919.85,924.35,895.00,915.50,909.00,904.50,909.61,1348.00,588.00,5473555.00,67801.00
10-Jun-25,Tuesday,June,2025,Q2,EQ,907.15,921.00,896.45,901.40,916.05,915.50,910.37,1348.00,588.00,8134942.00,95612.00
09-Jun-25,Monday,June,2025,Q2,EQ,888.50,908.40,876.00,884.10,901.00,901.40,899.57,1348.00,588.00,6802393.00,88317.00
06-Jun-25,Friday,June,2025,Q2,EQ,875.65,892.50,872.45,872.20,884.70,884.10,884.75,1348.00,588.00,6679702.00,92628.00
05-Jun-25,Thursday,June,2025,Q2,EQ,869.95,883.00,864.05,866.00,873.95,872.20,872.91,1348.00,588.00,5723306.00,86177.00
04-Jun-25,Wednesday,June,2025,Q2,EQ,860.50,873.50,851.55,856.55,865.50,866.00,864.11,1348.00,588.00,5947467.00,85304.00
03-Jun-25,Tuesday,June,2025,Q2,EQ,876.55,877.75,854.00,874.85,856.30,856.55,859.29,1348.00,588.00,5811649.00,101456.00
02-Jun-25,Monday,June,2025,Q2,EQ,874.80,888.20,872.05,867.20,876.50,874.85,877.51,1348.00,588.00,1911879.00,44466.00
30-May-25,Friday,May,2025,Q2,EQ,881.05,889.45,862.00,880.95,867.80,867.20,870.16,1348.00,588.00,1258500.00,36697.00
29-May-25,Thursday,May,2025,Q2,EQ,877.70,898.20,869.40,869.00,882.00,880.95,883.50,1348.00,588.00,2045238.00,66332.00
28-May-25,Wednesday,May,2025,Q2,EQ,881.80,890.85,865.75,879.15,868.00,869.00,879.58,1348.00,588.00,990253.00,28147.00
27-May-25,Tuesday,May,2025,Q2,EQ,880.00,890.40,874.25,878.70,882.00,879.15,880.42,1348.00,588.00,1772369.00,36707.00
26-May-25,Monday,May,2025,Q2,EQ,877.95,891.00,875.90,876.55,877.75,878.70,883.02,1348.00,588.00,966027.00,27184.00
23-May-25,Friday,May,2025,Q2,EQ,884.50,884.50,871.10,879.00,875.80,876.55,878.07,1348.00,588.00,816889.00,24404.00
22-May-25,Thursday,May,2025,Q2,EQ,869.00,886.40,864.35,872.15,880.35,879.00,875.83,1348.00,588.00,1121955.00,44530.00
21-May-25,Wednesday,May,2025,Q2,EQ,869.90,881.00,860.50,869.75,875.05,872.15,871.16,1348.00,588.00,1239047.00,39748.00
20-May-25,Tuesday,May,2025,Q2,EQ,894.45,897.55,866.55,888.90,871.45,869.75,881.14,1348.00,588.00,1301836.00,41364.00
19-May-25,Monday,May,2025,Q2,EQ,920.00,920.80,886.00,915.05,890.00,888.90,897.18,1348.00,588.00,2120510.00,48912.00
16-May-25,Friday,May,2025,Q2,EQ,912.10,934.75,908.05,910.80,913.10,915.05,921.23,1348.00,588.00,2288025.00,51755.00
15-May-25,Thursday,May,2025,Q2,EQ,894.95,913.55,884.05,890.80,909.55,910.80,899.62,1348.00,588.00,1755815.00,41612.00
14-May-25,Wednesday,May,2025,Q2,EQ,903.95,903.95,886.00,904.20,891.00,890.80,891.27,1348.00,588.00,1929234.00,52886.00
13-May-25,Tuesday,May,2025,Q2,EQ,890.00,908.90,885.25,894.30,905.00,904.20,898.30,1348.00,588.00,2246532.00,60768.00
12-May-25,Monday,May,2025,Q2,EQ,860.00,897.65,851.05,827.10,896.00,894.30,883.63,1348.00,588.00,3286835.00,73681.00
09-May-25,Friday,May,2025,Q2,EQ,811.00,834.60,806.10,839.00,831.30,827.10,817.66,1348.00,588.00,2639860.00,63473.00
08-May-25,Thursday,May,2025,Q2,EQ,880.05,886.70,826.30,871.60,830.00,839.00,860.80,1348.00,588.00,3262818.00,77994.00
07-May-25,Wednesday,May,2025,Q2,EQ,878.00,907.00,865.10,907.40,875.20,871.60,881.94,1348.00,588.00,5712060.00,101402.00
06-May-25,Tuesday,May,2025,Q2,EQ,939.00,941.50,901.10,937.20,904.00,907.40,915.66,1348.00,588.00,2569364.00,57157.00
05-May-25,Monday,May,2025,Q2,EQ,911.00,980.85,909.95,907.15,938.00,937.20,952.85,1348.00,588.00,5711254.00,115936.00
02-May-25,Friday,May,2025,Q2,EQ,900.05,929.85,900.05,899.65,906.00,907.15,914.57,1348.00,588.00,2065515.00,56529.00
30-Apr-25,Wednesday,April,2025,Q2,EQ,919.70,919.70,892.00,917.65,895.00,899.65,908.56,1348.00,588.00,1191673.00,35696.00
29-Apr-25,Tuesday,April,2025,Q2,EQ,929.90,939.85,912.05,925.30,917.95,917.65,921.58,1348.00,588.00,1466481.00,43538.00
28-Apr-25,Monday,April,2025,Q2,EQ,914.00,941.60,904.00,914.35,925.10,925.30,924.92,1348.00,588.00,2404027.00,62771.00
25-Apr-25,Friday,April,2025,Q2,EQ,978.00,981.00,905.90,961.70,909.20,914.35,938.29,1348.00,588.00,5736784.00,139303.00
24-Apr-25,Thursday,April,2025,Q2,EQ,940.00,971.70,935.00,938.80,963.00,961.70,954.24,1348.00,588.00,3695638.00,87713.00
23-Apr-25,Wednesday,April,2025,Q2,EQ,935.70,942.15,901.60,929.60,938.00,938.80,924.22,1348.00,588.00,2500136.00,54538.00
22-Apr-25,Tuesday,April,2025,Q2,EQ,941.90,942.75,926.00,937.50,931.00,929.60,934.14,1348.00,588.00,1654173.00,41667.00
21-Apr-25,Monday,April,2025,Q2,EQ,924.00,949.00,915.45,914.15,935.35,937.50,936.21,1348.00,588.00,2153406.00,55270.00
17-Apr-25,Thursday,April,2025,Q2,EQ,896.05,937.00,891.65,895.15,913.00,914.15,920.45,1348.00,588.00,3849304.00,87085.00
16-Apr-25,Wednesday,April,2025,Q2,EQ,884.90,903.00,881.05,887.40,895.00,895.15,894.97,1348.00,588.00,2669664.00,46276.00
15-Apr-25,Tuesday,April,2025,Q2,EQ,855.65,889.60,851.45,844.80,885.20,887.40,875.87,1348.00,588.00,2537147.00,57096.00
11-Apr-25,Friday,April,2025,Q2,EQ,860.70,863.35,833.75,837.40,842.00,844.80,843.71,1348.00,588.00,1878535.00,44700.00
09-Apr-25,Wednesday,April,2025,Q2,EQ,835.35,845.00,827.60,841.15,834.95,837.40,837.05,1348.00,588.00,1026681.00,29068.00
08-Apr-25,Tuesday,April,2025,Q2,EQ,835.00,847.85,826.85,815.05,842.60,841.15,839.08,1348.00,588.00,1707784.00,50129.00
07-Apr-25,Monday,April,2025,Q2,EQ,780.50,822.20,780.50,859.40,821.00,815.05,804.32,1348.00,588.00,2669587.00,80268.00
04-Apr-25,Friday,April,2025,Q2,EQ,881.10,884.70,852.10,884.35,858.20,859.40,866.35,1348.00,588.00,1475762.00,50105.00
03-Apr-25,Thursday,April,2025,Q2,EQ,855.00,901.00,855.00,867.90,884.90,884.35,885.83,1348.00,588.00,2165750.00,65568.00
02-Apr-25,Wednesday,April,2025,Q2,EQ,864.70,871.00,839.30,866.35,865.95,867.90,856.29,1348.00,588.00,1554834.00,43275.00
01-Apr-25,Tuesday,April,2025,Q2,EQ,857.40,884.90,856.10,872.00,867.80,866.35,871.15,1348.00,588.00,1899810.00,71728.00
28-Mar-25,Friday,March,2025,Q1,EQ,872.85,894.90,864.00,872.85,870.00,872.00,878.70,1348.00,588.00,3727492.00,103926.00
27-Mar-25,Thursday,March,2025,Q1,EQ,803.00,882.45,796.05,803.00,870.00,872.85,850.80,1348.00,588.00,8208182.00,171217.00
26-Mar-25,Wednesday,March,2025,Q1,EQ,817.05,832.60,800.50,816.55,802.75,803.00,815.68,1348.00,588.00,2042407.00,46572.00
25-Mar-25,Tuesday,March,2025,Q1,EQ,822.00,838.90,812.35,820.25,814.10,816.55,825.46,1348.00,588.00,2713855.00,62271.00
24-Mar-25,Monday,March,2025,Q1,EQ,838.75,844.70,817.55,831.70,820.50,820.25,827.91,1348.00,588.00,1808999.00,55509.00
21-Mar-25,Friday,March,2025,Q1,EQ,815.00,846.95,811.85,815.10,830.00,831.70,832.37,1348.00,588.00,2711820.00,61915.00
20-Mar-25,Thursday,March,2025,Q1,EQ,820.00,823.00,800.90,813.90,812.00,815.10,812.07,1348.00,588.00,1286932.00,34887.00
19-Mar-25,Wednesday,March,2025,Q1,EQ,801.10,820.65,799.15,798.55,813.90,813.90,811.37,1348.00,588.00,1417575.00,48820.00
18-Mar-25,Tuesday,March,2025,Q1,EQ,800.70,807.80,786.30,795.05,798.15,798.55,798.75,1348.00,588.00,1344527.00,37811.00
17-Mar-25,Monday,March,2025,Q1,EQ,779.80,801.15,776.80,783.20,795.60,795.05,793.95,1348.00,588.00,1850753.00,52306.00
13-Mar-25,Thursday,March,2025,Q1,EQ,783.80,795.95,776.85,781.75,781.00,783.20,787.65,1348.00,588.00,2201144.00,62732.00
12-Mar-25,Wednesday,March,2025,Q1,EQ,765.00,784.90,744.05,761.05,783.30,781.75,768.79,1348.00,588.00,2734197.00,55808.00
11-Mar-25,Tuesday,March,2025,Q1,EQ,745.00,768.00,742.00,759.10,766.00,761.05,758.23,1348.00,588.00,2785862.00,66551.00
10-Mar-25,Monday,March,2025,Q1,EQ,747.00,790.00,738.00,747.60,758.10,759.10,772.93,1348.00,588.00,6861685.00,136878.00
07-Mar-25,Friday,March,2025,Q1,EQ,730.00,753.90,724.00,733.25,746.25,747.60,739.61,1348.00,588.00,2622387.00,63627.00
06-Mar-25,Thursday,March,2025,Q1,EQ,719.00,746.60,707.60,709.45,735.15,733.25,730.66,1348.00,588.00,4897354.00,121378.00
05-Mar-25,Wednesday,March,2025,Q1,EQ,647.00,731.50,646.00,646.65,707.00,709.45,696.28,1348.00,588.00,6265335.00,135993.00
04-Mar-25,Tuesday,March,2025,Q1,EQ,649.45,660.60,641.15,654.05,647.55,646.65,651.40,1348.00,588.00,1074477.00,32851.00
03-Mar-25,Monday,March,2025,Q1,EQ,652.55,664.05,639.45,650.90,655.25,654.05,650.32,1348.00,588.00,1160382.00,50106.00
28-Feb-25,Friday,February,2025,Q1,EQ,661.70,673.35,648.05,661.70,651.45,650.90,658.83,1348.00,588.00,1766312.00,66056.00
27-Feb-25,Thursday,February,2025,Q1,EQ,673.50,678.45,660.00,669.70,663.00,661.70,667.13,1348.00,588.00,1109229.00,37836.00
25-Feb-25,Tuesday,February,2025,Q1,EQ,672.30,686.35,665.70,669.60,667.95,669.70,675.06,1348.00,588.00,1654419.00,51169.00
24-Feb-25,Monday,February,2025,Q1,EQ,670.00,680.70,656.65,670.95,667.40,669.60,669.02,1348.00,588.00,1237728.00,36824.00
21-Feb-25,Friday,February,2025,Q1,EQ,680.95,695.70,667.20,678.00,668.80,670.95,681.91,1348.00,588.00,1211108.00,44933.00
20-Feb-25,Thursday,February,2025,Q1,EQ,669.90,686.50,662.35,670.65,679.50,678.00,676.98,1348.00,588.00,1271876.00,45545.00
19-Feb-25,Wednesday,February,2025,Q1,EQ,667.10,681.90,660.00,677.15,671.05,670.65,672.93,1348.00,588.00,1883969.00,63359.00
18-Feb-25,Tuesday,February,2025,Q1,EQ,706.80,706.80,668.00,702.00,676.00,677.15,677.96,1348.00,588.00,2968321.00,98552.00
17-Feb-25,Monday,February,2025,Q1,EQ,703.85,708.75,677.40,708.40,704.00,702.00,693.73,1348.00,588.00,2394243.00,121442.00
14-Feb-25,Friday,February,2025,Q1,EQ,747.45,751.10,696.75,744.00,707.60,708.40,716.74,1348.00,588.00,1779389.00,76883.00
13-Feb-25,Thursday,February,2025,Q1,EQ,760.20,777.80,740.00,756.80,742.00,744.00,759.81,1348.00,588.00,1310157.00,47504.00
12-Feb-25,Wednesday,February,2025,Q1,EQ,738.00,760.00,728.65,732.05,759.05,756.80,747.91,1348.00,588.00,3137758.00,102311.00
11-Feb-25,Tuesday,February,2025,Q1,EQ,741.80,763.60,725.20,741.70,728.65,732.05,743.86,1348.00,588.00,1530185.00,61155.00
10-Feb-25,Monday,February,2025,Q1,EQ,776.90,777.00,738.05,773.40,741.00,741.70,749.08,1348.00,588.00,1132859.00,43657.00
07-Feb-25,Friday,February,2025,Q1,EQ,773.95,782.90,759.20,773.15,773.90,773.40,770.41,1348.00,588.00,771037.00,36822.00
06-Feb-25,Thursday,February,2025,Q1,EQ,780.90,788.20,767.15,775.50,772.20,773.15,777.49,1348.00,588.00,1009247.00,44349.00
05-Feb-25,Wednesday,February,2025,Q1,EQ,752.00,782.70,751.80,751.80,775.00,775.50,770.08,1348.00,588.00,1664111.00,63046.00
04-Feb-25,Tuesday,February,2025,Q1,EQ,734.90,753.45,731.00,728.15,751.90,751.80,745.22,1348.00,588.00,1007055.00,43288.00
03-Feb-25,Monday,February,2025,Q1,EQ,740.00,742.70,725.35,746.05,728.30,728.15,733.03,1348.00,588.00,861101.00,41013.00
01-Feb-25,Saturday,February,2025,Q1,EQ,756.00,767.90,732.00,748.35,747.00,746.05,755.77,1348.00,588.00,1126229.00,40773.00
31-Jan-25,Friday,January,2025,Q1,EQ,748.90,763.30,737.85,740.25,753.50,748.35,750.10,1348.00,588.00,3073984.00,80146.00
30-Jan-25,Thursday,January,2025,Q1,EQ,751.95,760.30,728.30,744.70,740.60,740.25,745.78,1348.00,588.00,1380777.00,62459.00
29-Jan-25,Wednesday,January,2025,Q1,EQ,750.95,759.75,738.10,747.60,743.80,744.70,747.02,1348.00,588.00,1398816.00,58122.00
28-Jan-25,Tuesday,January,2025,Q1,EQ,753.00,769.90,735.30,755.65,749.80,747.60,751.13,1348.00,588.00,1860951.00,71176.00
27-Jan-25,Monday,January,2025,Q1,EQ,779.25,781.30,750.80,790.45,754.00,755.65,765.68,1348.00,588.00,2319145.00,88127.00
24-Jan-25,Friday,January,2025,Q1,EQ,814.00,816.00,781.00,808.80,787.00,790.45,792.40,1348.00,588.00,2773445.00,82530.00
23-Jan-25,Thursday,January,2025,Q1,EQ,795.10,826.60,791.35,802.80,805.10,808.80,808.77,1348.00,588.00,3765979.00,120125.00
22-Jan-25,Wednesday,January,2025,Q1,EQ,825.00,827.35,785.10,813.35,801.45,802.80,798.64,1348.00,588.00,2316536.00,82737.00
21-Jan-25,Tuesday,January,2025,Q1,EQ,819.00,826.65,803.20,815.75,814.00,813.35,815.49,1348.00,588.00,3026174.00,86951.00
20-Jan-25,Monday,January,2025,Q1,EQ,815.00,828.70,801.15,805.15,816.00,815.75,815.14,1348.00,588.00,2108088.00,69788.00
17-Jan-25,Friday,January,2025,Q1,EQ,796.00,808.65,786.00,792.50,803.00,805.15,799.25,1348.00,588.00,2391368.00,81294.00
16-Jan-25,Thursday,January,2025,Q1,EQ,817.95,833.15,786.55,780.15,795.00,792.50,801.07,1348.00,588.00,2448865.00,87757.00
15-Jan-25,Wednesday,January,2025,Q1,EQ,783.65,800.90,773.50,771.30,780.00,780.15,784.93,1348.00,588.00,3599461.00,155322.00
14-Jan-25,Tuesday,January,2025,Q1,EQ,702.95,787.70,700.10,688.75,773.00,771.30,761.49,1348.00,588.00,9525701.00,296458.00
13-Jan-25,Monday,January,2025,Q1,EQ,719.00,724.50,682.45,729.25,693.05,688.75,703.19,1348.00,588.00,1424633.00,67148.00
10-Jan-25,Friday,January,2025,Q1,EQ,751.50,754.70,726.35,751.50,732.95,729.25,737.87,1348.00,588.00,1204613.00,49253.00
09-Jan-25,Thursday,January,2025,Q1,EQ,775.65,776.00,749.20,770.20,751.00,751.50,761.42,1348.00,588.00,770057.00,35840.00
08-Jan-25,Wednesday,January,2025,Q1,EQ,781.95,784.85,761.40,781.55,770.00,770.20,770.49,1348.00,588.00,869142.00,41654.00
07-Jan-25,Tuesday,January,2025,Q1,EQ,777.00,792.40,773.80,768.60,780.00,781.55,783.84,1348.00,588.00,1188943.00,47252.00
06-Jan-25,Monday,January,2025,Q1,EQ,815.05,819.00,765.10,821.25,771.65,768.60,781.98,1348.00,588.00,2710372.00,99948.00
03-Jan-25,Friday,January,2025,Q1,EQ,810.85,831.00,810.00,809.05,821.00,821.25,825.20,1348.00,588.00,2550810.00,70455.00
02-Jan-25,Thursday,January,2025,Q1,EQ,808.00,810.85,793.50,805.45,808.50,809.05,804.01,1348.00,588.00,877729.00,33647.00
01-Jan-25,Wednesday,January,2025,Q1,EQ,808.80,819.90,800.95,806.20,805.25,805.45,808.81,1348.00,588.00,1104434.00,46521.00
31-Dec-24,Tuesday,December,2024,Q4,EQ,818.40,820.00,800.00,826.25,803.65,806.20,805.98,1348.00,588.00,1187100.00,44195.00
30-Dec-24,Monday,December,2024,Q4,EQ,808.55,830.50,805.25,805.95,826.35,826.25,823.92,1348.00,588.00,5993093.00,129393.00
27-Dec-24,Friday,December,2024,Q4,EQ,798.95,814.95,791.00,792.30,803.55,805.95,802.77,1348.00,588.00,1699411.00,75997.00
26-Dec-24,Thursday,December,2024,Q4,EQ,773.10,800.80,769.00,771.30,790.50,792.30,789.56,1348.00,588.00,1941859.00,75894.00
24-Dec-24,Tuesday,December,2024,Q4,EQ,775.00,789.95,766.05,773.30,768.60,771.30,776.47,1348.00,588.00,986887.00,37850.00
23-Dec-24,Monday,December,2024,Q4,EQ,781.35,783.85,765.30,767.55,771.00,773.30,772.85,1348.00,588.00,971855.00,33863.00
20-Dec-24,Friday,December,2024,Q4,EQ,799.00,812.60,761.85,796.00,769.65,767.55,784.68,1348.00,588.00,1799045.00,79212.00
19-Dec-24,Thursday,December,2024,Q4,EQ,775.00,799.50,770.05,793.85,794.00,796.00,788.42,1348.00,588.00,978345.00,31460.00
18-Dec-24,Wednesday,December,2024,Q4,EQ,815.90,818.75,790.20,813.35,793.95,793.85,800.82,1348.00,588.00,1503369.00,38457.00
17-Dec-24,Tuesday,December,2024,Q4,EQ,811.50,825.50,806.40,811.90,815.35,813.35,816.73,1348.00,588.00,1352971.00,33804.00
16-Dec-24,Monday,December,2024,Q4,EQ,830.00,830.90,809.00,832.40,810.00,811.90,820.63,1348.00,588.00,1588379.00,36856.00
13-Dec-24,Friday,December,2024,Q4,EQ,818.90,837.50,807.00,818.15,828.15,832.40,821.93,1348.00,588.00,3750259.00,62697.00
12-Dec-24,Thursday,December,2024,Q4,EQ,788.00,832.80,783.25,791.50,818.60,818.15,816.39,1348.00,588.00,7753669.00,154750.00
11-Dec-24,Wednesday,December,2024,Q4,EQ,784.55,797.00,773.00,784.55,793.05,791.50,785.55,1348.00,588.00,1601918.00,47239.00
10-Dec-24,Tuesday,December,2024,Q4,EQ,805.45,806.00,775.80,803.45,786.20,784.55,789.82,1348.00,588.00,1881212.00,51687.00
09-Dec-24,Monday,December,2024,Q4,EQ,808.35,814.00,797.00,808.35,805.00,803.45,804.74,1348.00,588.00,1461945.00,39801.00
06-Dec-24,Friday,December,2024,Q4,EQ,826.00,830.00,805.30,822.80,807.50,808.35,817.40,1348.00,588.00,1763438.00,48155.00
05-Dec-24,Thursday,December,2024,Q4,EQ,829.10,830.00,806.00,813.45,823.30,822.80,817.95,1348.00,588.00,3190458.00,72609.00
04-Dec-24,Wednesday,December,2024,Q4,EQ,820.05,828.00,797.00,801.85,821.10,813.45,808.98,1348.00,588.00,4086092.00,88073.00
03-Dec-24,Tuesday,December,2024,Q4,EQ,807.05,829.00,798.00,807.00,799.90,801.85,811.08,1348.00,588.00,4239248.00,99706.00
02-Dec-24,Monday,December,2024,Q4,EQ,844.90,855.85,802.50,840.50,805.30,807.00,821.65,1348.00,588.00,8433923.00,183860.00
29-Nov-24,Friday,November,2024,Q4,EQ,748.00,869.75,742.00,726.85,824.55,840.50,818.72,1348.00,588.00,30918520.00,461524.00
28-Nov-24,Thursday,November,2024,Q4,EQ,689.90,726.85,685.00,660.80,726.85,726.85,722.14,1348.00,588.00,9255642.00,86894.00
27-Nov-24,Wednesday,November,2024,Q4,EQ,601.10,660.80,588.00,600.75,660.80,660.80,641.79,1348.00,588.00,9030869.00,124802.00
26-Nov-24,Tuesday,November,2024,Q4,EQ,637.75,637.75,593.05,625.20,600.90,600.75,605.42,1348.00,593.05,7755657.00,159034.00
25-Nov-24,Monday,November,2024,Q4,EQ,678.00,694.20,620.00,648.95,622.00,625.20,649.71,1348.00,620.00,13113479.00,326674.00
22-Nov-24,Friday,November,2024,Q4,EQ,658.15,695.00,627.50,697.25,648.85,648.95,661.48,1348.00,627.50,22987433.00,558691.00
21-Nov-24,Thursday,November,2024,Q4,EQ,697.25,724.00,697.25,871.55,697.25,697.25,700.25,1348.00,697.25,21316268.00,181197.00
